{"stats":{"minecraft:used":{"minecraft:redstone_torch":6,"minecraft:shroomlight":1,"minecraft:command_block":6,"minecraft:grass_block":3,"minecraft:map":3,"minecraft:polished_basalt":3,"minecraft:stone":70,"minecraft:redstone_block":24,"minecraft:crimson_nylium":1,"minecraft:basalt":8,"minecraft:glow_item_frame":2,"minecraft:dirt":1,"minecraft:redstone_lamp":3,"minecraft:comparator":10,"minecraft:written_book":16,"minecraft:chain_command_block":6,"minecraft:repeating_command_block":25,"minecraft:polished_blackstone_button":1},"minecraft:picked_up":{"minecraft:light_blue_concrete":3,"minecraft:glow_item_frame":4,"minecraft:yellow_concrete":3,"minecraft:lime_concrete":3,"minecraft:filled_map":3,"minecraft:white_concrete":3,"minecraft:magenta_concrete":3,"minecraft:red_concrete":3},"minecraft:dropped":{"minecraft:repeating_command_block":8,"minecraft:shroomlight":1,"minecraft:stone":3,"minecraft:bookshelf":1,"minecraft:command_block":2,"minecraft:chain_command_block":2,"minecraft:written_book":11,"minecraft:redstone_block":1},"minecraft:custom":{"minecraft:time_since_rest":323,"minecraft:sprint_one_cm":7308,"minecraft:damage_taken":480,"minecraft:walk_one_cm":44677,"minecraft:drop":29,"minecraft:swim_one_cm":1514,"minecraft:fly_one_cm":107899,"minecraft:crouch_one_cm":2221,"minecraft:play_time":107328,"minecraft:deaths":4,"minecraft:sneak_time":1585,"minecraft:walk_under_water_one_cm":1817,"minecraft:jump":83,"minecraft:leave_game":5,"minecraft:time_since_death":323,"minecraft:walk_on_water_one_cm":1118,"minecraft:total_world_time":126153,"minecraft:climb_one_cm":882}},"DataVersion":2865}